1.000000000000000000e+00,0.000000000000000000e+00,0.000000000000000000e+00,1.000000000000000000e+00,2.000000000000000000e+00,0.000000000000000000e+00,1.627959043676755905e+09,0.000000000000000000e+00,0.000000000000000000e+00,0.000000000000000000e+00,0.000000000000000000e+00,0.000000000000000000e+00,0.000000000000000000e+00,0.000000000000000000e+00,-7.081289936722201159e-05,0.000000000000000000e+00
1.000000000000000000e+00,0.000000000000000000e+00,0.000000000000000000e+00,1.000000000000000000e+00,2.000000000000000000e+00,0.000000000000000000e+00,1.627959043678789616e+09,2.999999999999999889e-02,2.999999999999999737e-04,0.000000000000000000e+00,0.000000000000000000e+00,0.000000000000000000e+00,5.711986642890532102e-03,1.575633936609763979e-04,1.886335514917893098e-05,6.101131439208983706e-07
1.000000000000000000e+00,0.000000000000000000e+00,0.000000000000000000e+00,1.000000000000000000e+00,2.000000000000000000e+00,0.000000000000000000e+00,1.627959043694460869e+09,5.909999999999999976e-02,5.910000000000000539e-04,0.000000000000000000e+00,0.000000000000000000e+00,0.000000000000000000e+00,1.125261368649435080e-02,3.103998855121234738e-04,6.676713346152052253e-04,9.871823787689209609e-06
1.000000000000000000e+00,0.000000000000000000e+00,0.000000000000000000e+00,1.000000000000000000e+00,2.000000000000000000e+00,0.000000000000000000e+00,1.627959043709386826e+09,8.732699999999998797e-02,8.732699999999998840e-04,0.000000000000000000e+00,0.000000000000000000e+00,0.000000000000000000e+00,1.662702191879004976e-02,4.586512826077361734e-04,5.990226391364853256e-04,2.290621401786804072e-05
1.000000000000000000e+00,0.000000000000000000e+00,0.000000000000000000e+00,1.000000000000000000e+00,2.000000000000000000e+00,0.000000000000000000e+00,1.627959043725033998e+09,1.147071899999999867e-01,1.147071899999999815e-03,0.000000000000000000e+00,0.000000000000000000e+00,0.000000000000000000e+00,2.184019790411688075e-02,6.024551377904804189e-04,5.077525537076227075e-04,4.085464639785289250e-05
1.000000000000000000e+00,0.000000000000000000e+00,0.000000000000000000e+00,1.000000000000000000e+00,2.000000000000000000e+00,0.000000000000000000e+00,1.627959043740854263e+09,1.412659742999999857e-01,1.412659742999999987e-03,0.000000000000000000e+00,0.000000000000000000e+00,0.000000000000000000e+00,2.689697860988390921e-02,7.419448773177424574e-04,6.045970502839363150e-04,6.320329762741683688e-05
1.000000000000000000e+00,0.000000000000000000e+00,0.000000000000000000e+00,1.000000000000000000e+00,2.000000000000000000e+00,0.000000000000000000e+00,1.627959043756484270e+09,1.670279950709999683e-01,1.670279950709999649e-03,0.000000000000000000e+00,0.000000000000000000e+00,0.000000000000000000e+00,3.180205589447791803e-02,8.772499246591864341e-04,9.267206347816103230e-04,8.930978459848413207e-05
1.000000000000000000e+00,0.000000000000000000e+00,0.000000000000000000e+00,1.000000000000000000e+00,2.000000000000000000e+00,0.000000000000000000e+00,1.627959043771392107e+09,1.920171552188699726e-01,1.920171552188699744e-03,0.000000000000000000e+00,0.000000000000000000e+00,0.000000000000000000e+00,3.655998086053411505e-02,1.008495820580387154e-03,9.157738909169214426e-04,1.179353889455355162e-04
1.000000000000000000e+00,0.000000000000000000e+00,0.000000000000000000e+00,1.000000000000000000e+00,2.000000000000000000e+00,0.000000000000000000e+00,1.627959043786676645e+09,2.162566405623038701e-01,2.162566405623038944e-03,0.000000000000000000e+00,0.000000000000000000e+00,0.000000000000000000e+00,4.117516807760862596e-02,1.135804339623952032e-03,1.074007829143133362e-03,1.509892179316275516e-04
1.000000000000000000e+00,0.000000000000000000e+00,0.000000000000000000e+00,1.000000000000000000e+00,2.000000000000000000e+00,0.000000000000000000e+00,1.627959043802169800e+09,2.397689413454347496e-01,2.397689413454347739e-03,0.000000000000000000e+00,0.000000000000000000e+00,0.000000000000000000e+00,4.565189967817089717e-02,1.259293603096209996e-03,1.626306460575865963e-03,1.881369905190470354e-04
1.000000000000000000e+00,0.000000000000000000e+00,0.000000000000000000e+00,1.000000000000000000e+00,2.000000000000000000e+00,0.000000000000000000e+00,1.627959043817717075e+09,2.625758731050716888e-01,2.625758731050717096e-03,0.000000000000000000e+00,0.000000000000000000e+00,0.000000000000000000e+00,4.999432933071629864e-02,1.379078188664299839e-03,1.241296765623060849e-03,2.289603850206895690e-04
1.000000000000000000e+00,0.000000000000000000e+00,0.000000000000000000e+00,1.000000000000000000e+00,2.000000000000000000e+00,0.000000000000000000e+00,1.627959043834024191e+09,2.846985969119195659e-01,2.846985969119195711e-03,0.000000000000000000e+00,0.000000000000000000e+00,0.000000000000000000e+00,5.420648609368534931e-02,1.495269236665347284e-03,1.617961407832628137e-03,2.753865142020377969e-04
1.000000000000000000e+00,0.000000000000000000e+00,0.000000000000000000e+00,1.000000000000000000e+00,2.000000000000000000e+00,0.000000000000000000e+00,1.627959043849515676e+09,3.061576390045619434e-01,3.061576390045619381e-03,0.000000000000000000e+00,0.000000000000000000e+00,0.000000000000000000e+00,5.829227815376530897e-02,1.607974553226363236e-03,1.591817001193149891e-03,3.228148807485742679e-04
1.000000000000000000e+00,0.000000000000000000e+00,0.000000000000000000e+00,1.000000000000000000e+00,2.000000000000000000e+00,0.000000000000000000e+00,1.627959043864931107e+09,3.269729098344250628e-01,3.269729098344250576e-03,0.000000000000000000e+00,0.000000000000000000e+00,0.000000000000000000e+00,6.225549645204287580e-02,1.717298710290548732e-03,1.289596934725453781e-03,3.732191610085754964e-04
1.000000000000000000e+00,0.000000000000000000e+00,0.000000000000000000e+00,1.000000000000000000e+00,2.000000000000000000e+00,0.000000000000000000e+00,1.627959043881158352e+09,3.471637225393923165e-01,3.471637225393923217e-03,0.000000000000000000e+00,0.000000000000000000e+00,0.000000000000000000e+00,6.609981820137213193e-02,1.823343142642808428e-03,2.179142755106341402e-03,4.295542699646171360e-04
1.000000000000000000e+00,0.000000000000000000e+00,0.000000000000000000e+00,1.000000000000000000e+00,2.000000000000000000e+00,0.000000000000000000e+00,1.627959043897337437e+09,3.667488108632105392e-01,3.667488108632105479e-03,0.000000000000000000e+00,0.000000000000000000e+00,0.000000000000000000e+00,6.982881029822149421e-02,1.926206242024500670e-03,1.701308333978913002e-03,4.888908709958668646e-04
1.000000000000000000e+00,0.000000000000000000e+00,0.000000000000000000e+00,1.000000000000000000e+00,2.000000000000000000e+00,0.000000000000000000e+00,1.627959043914273739e+09,3.857463465373142109e-01,3.857463465373142143e-03,0.000000000000000000e+00,0.000000000000000000e+00,0.000000000000000000e+00,7.344593263216538104e-02,2.025983448424741647e-03,2.239499494332045180e-03,5.542220379132497361e-04
1.000000000000000000e+00,0.000000000000000000e+00,0.000000000000000000e+00,1.000000000000000000e+00,2.000000000000000000e+00,0.000000000000000000e+00,1.627959043930232763e+09,4.041739561411947790e-01,4.041739561411948102e-03,0.000000000000000000e+00,0.000000000000000000e+00,0.000000000000000000e+00,7.695454129609095861e-02,2.122767338632976057e-03,1.987721597248289038e-03,6.187242583107773570e-04
1.000000000000000000e+00,0.000000000000000000e+00,0.000000000000000000e+00,1.000000000000000000e+00,2.000000000000000000e+00,0.000000000000000000e+00,1.627959043946597815e+09,4.220487374569589223e-01,4.220487374569589084e-03,0.000000000000000000e+00,0.000000000000000000e+00,0.000000000000000000e+00,8.035789170009874360e-02,2.216647712134962953e-03,2.542906641821127221e-03,6.877927505780180367e-04
1.000000000000000000e+00,0.000000000000000000e+00,0.000000000000000000e+00,1.000000000000000000e+00,2.000000000000000000e+00,0.000000000000000000e+00,1.627959043963221788e+09,4.393872753332501713e-01,4.393872753332501470e-03,0.000000000000000000e+00,0.000000000000000000e+00,0.000000000000000000e+00,8.365914159198631350e-02,2.307711674431891027e-03,2.635378442472457831e-03,7.608363763139833159e-04
1.000000000000000000e+00,0.000000000000000000e+00,0.000000000000000000e+00,1.000000000000000000e+00,2.000000000000000000e+00,0.000000000000000000e+00,1.627959043979755163e+09,4.562056570732526684e-01,4.562056570732526441e-03,0.000000000000000000e+00,0.000000000000000000e+00,0.000000000000000000e+00,8.686135398711726519e-02,2.396043717859910448e-03,2.253583050595035948e-03,8.362625673945578214e-04
1.000000000000000000e+00,0.000000000000000000e+00,0.000000000000000000e+00,1.000000000000000000e+00,2.000000000000000000e+00,0.000000000000000000e+00,1.627959043996288538e+09,4.725194873610550905e-01,4.725194873610551356e-03,0.000000000000000000e+00,0.000000000000000000e+00,0.000000000000000000e+00,8.996750001039428846e-02,2.481725799985089187e-03,2.740217646092801742e-03,9.143859851786281107e-04
1.000000000000000000e+00,0.000000000000000000e+00,0.000000000000000000e+00,1.000000000000000000e+00,2.000000000000000000e+00,0.000000000000000000e+00,1.627959044012444973e+09,4.883439027402234345e-01,4.883439027402234830e-03,0.000000000000000000e+00,0.000000000000000000e+00,0.000000000000000000e+00,9.298046165297299548e-02,2.564837419646513218e-03,2.121426140664810136e-03,9.932849504639084098e-04
1.000000000000000000e+00,0.000000000000000000e+00,0.000000000000000000e+00,1.000000000000000000e+00,2.000000000000000000e+00,0.000000000000000000e+00,1.627959044029453754e+09,5.036935856580166959e-01,5.036935856580167237e-03,0.000000000000000000e+00,0.000000000000000000e+00,0.000000000000000000e+00,9.590303444627432117e-02,2.645455690718093947e-03,2.742963575381767577e-03,1.078957091541052262e-03
1.000000000000000000e+00,0.000000000000000000e+00,0.000000000000000000e+00,1.000000000000000000e+00,2.000000000000000000e+00,0.000000000000000000e+00,1.627959044046447754e+09,5.185827780882761306e-01,5.185827780882761723e-03,0.000000000000000000e+00,0.000000000000000000e+00,0.000000000000000000e+00,9.873793005577662096e-02,2.723655413657527242e-03,3.022993914622736783e-03,1.167085046158972475e-03
1.000000000000000000e+00,0.000000000000000000e+00,0.000000000000000000e+00,1.000000000000000000e+00,2.000000000000000000e+00,0.000000000000000000e+00,1.627959044062458515e+09,5.330252947456278756e-01,5.330252947456278964e-03,0.000000000000000000e+00,0.000000000000000000e+00,0.000000000000000000e+00,1.014877787969938466e-01,2.799509144908778058e-03,2.645659514935080111e-03,1.252426453561363657e-03
1.000000000000000000e+00,0.000000000000000000e+00,0.000000000000000000e+00,1.000000000000000000e+00,2.000000000000000000e+00,0.000000000000000000e+00,1.627959044079512358e+09,5.470345359032590116e-01,5.470345359032589838e-03,0.000000000000000000e+00,0.000000000000000000e+00,0.000000000000000000e+00,1.041551320759745575e-01,2.873087264222490538e-03,2.842927184758307912e-03,1.345716861978646286e-03
1.000000000000000000e+00,0.000000000000000000e+00,0.000000000000000000e+00,1.000000000000000000e+00,2.000000000000000000e+00,0.000000000000000000e+00,1.627959044095513344e+09,5.606234998261612201e-01,5.606234998261612132e-03,0.000000000000000000e+00,0.000000000000000000e+00,0.000000000000000000e+00,1.067424647565858586e-01,2.944458039956792273e-03,2.911859934055908723e-03,1.435422150254920919e-03
1.000000000000000000e+00,0.000000000000000000e+00,0.000000000000000000e+00,1.000000000000000000e+00,2.000000000000000000e+00,0.000000000000000000e+00,1.627959044112519026e+09,5.738047948313763635e-01,5.738047948313763913e-03,0.000000000000000000e+00,0.000000000000000000e+00,0.000000000000000000e+00,1.092521774567788151e-01,3.013687692419064930e-03,3.023814301044078223e-03,1.533001568916366473e-03
1.000000000000000000e+00,0.000000000000000000e+00,0.000000000000000000e+00,1.000000000000000000e+00,2.000000000000000000e+00,0.000000000000000000e+00,1.627959044128664970e+09,5.865906509864350360e-01,5.865906509864350117e-03,0.000000000000000000e+00,0.000000000000000000e+00,0.000000000000000000e+00,1.116865987759659701e-01,3.080840455307469299e-03,3.344016550596640765e-03,1.627712170426062494e-03
1.000000000000000000e+00,0.000000000000000000e+00,0.000000000000000000e+00,1.000000000000000000e+00,2.000000000000000000e+00,0.000000000000000000e+00,1.627959044145611763e+09,5.989929314568419594e-01,5.989929314568419663e-03,0.000000000000000000e+00,0.000000000000000000e+00,0.000000000000000000e+00,1.140479874555775236e-01,3.145978635309221259e-03,3.596370029414839697e-03,1.729222260223922366e-03
1.000000000000000000e+00,0.000000000000000000e+00,0.000000000000000000e+00,1.000000000000000000e+00,2.000000000000000000e+00,0.000000000000000000e+00,1.627959044161561489e+09,6.110231435131366906e-01,6.110231435131367392e-03,0.000000000000000000e+00,0.000000000000000000e+00,0.000000000000000000e+00,1.163385344748007338e-01,3.209162669910921219e-03,3.093331889274476918e-03,1.826678778050817766e-03
2.799999999999999822e+00,0.000000000000000000e+00,0.000000000000000000e+00,1.000000000000000000e+00,1.000000000000000000e+00,0.000000000000000000e+00,1.627959044178061247e+09,6.226924492077425821e-01,6.226924492077425682e-03,0.000000000000000000e+00,0.000000000000000000e+00,0.000000000000000000e+00,1.185603650834472222e-01,3.270451183474569479e-03,3.371663135261306066e-03,1.929421523801773831e-03
3.439999999999999503e+00,0.000000000000000000e+00,0.000000000000000000e+00,1.000000000000000000e+00,1.000000000000000000e+00,0.000000000000000000e+00,1.627959044194219112e+09,6.880116757315102305e-01,1.376023351463020461e-01,0.000000000000000000e+00,0.000000000000000000e+00,0.000000000000000000e+00,2.619942334620745772e+00,3.613515150221066358e-03,4.061819916052746178e-03,4.152781550924279641e-03
3.951999999999999513e+00,0.000000000000000000e+00,0.000000000000000000e+00,1.000000000000000000e+00,1.000000000000000000e+00,0.000000000000000000e+00,1.627959044210397243e+09,7.705713254595648598e-01,1.541142650919129775e-01,0.000000000000000000e+00,0.000000000000000000e+00,0.000000000000000000e+00,2.934328745612992062e+00,4.047127769908192944e-03,4.299907137055340549e-03,6.646062336503209302e-03
3.951999999999999513e+00,0.000000000000000000e+00,0.000000000000000000e+00,1.000000000000000000e+00,1.000000000000000000e+00,0.000000000000000000e+00,1.627959044225989580e+09,8.660141856957779272e-01,1.732028371391556021e-01,0.000000000000000000e+00,0.000000000000000000e+00,0.000000000000000000e+00,3.297774307498670510e+00,4.548404468559125342e-03,4.487309555681214673e-03,9.346699282719705265e-03
4.361599999999999255e+00,0.000000000000000000e+00,0.000000000000000000e+00,1.000000000000000000e+00,1.000000000000000000e+00,0.000000000000000000e+00,1.627959044241291523e+09,9.585937601249046036e-01,1.917187520249809263e-01,0.000000000000000000e+00,0.000000000000000000e+00,0.000000000000000000e+00,3.650316502527777729e+00,5.034642866250530271e-03,4.617621703515919704e-03,1.228036866474716514e-02
4.951423999999999381e+00,0.000000000000000000e+00,0.000000000000000000e+00,1.000000000000000000e+00,1.000000000000000000e+00,0.000000000000000000e+00,1.627959044257147789e+09,1.060683947321157561e+00,2.121367894642315344e-01,0.000000000000000000e+00,0.000000000000000000e+00,0.000000000000000000e+00,4.039075026284572267e+00,5.570832078054730602e-03,5.827141960204656329e-03,1.564406603148743580e-02
4.951423999999999381e+00,0.000000000000000000e+00,0.000000000000000000e+00,1.000000000000000000e+00,1.000000000000000000e+00,0.000000000000000000e+00,1.627959044272905111e+09,1.177406148901522842e+00,2.354812297803045851e-01,0.000000000000000000e+00,0.000000000000000000e+00,0.000000000000000000e+00,4.483552130521787582e+00,6.183870284607494855e-03,6.672115662532506451e-03,1.935461966742086162e-02
5.328911359999999320e+00,0.000000000000000000e+00,0.000000000000000000e+00,1.000000000000000000e+00,1.000000000000000000e+00,0.000000000000000000e+00,1.627959044288331509e+09,1.290626684434477145e+00,2.581253368868954290e-01,0.000000000000000000e+00,0.000000000000000000e+00,0.000000000000000000e+00,4.914694921631885371e+00,6.778517344963676076e-03,6.637742044755990008e-03,2.333656367352838351e-02
5.328911359999999320e+00,0.000000000000000000e+00,0.000000000000000000e+00,1.000000000000000000e+00,1.000000000000000000e+00,0.000000000000000000e+00,1.627959044303745270e+09,1.411775224701442788e+00,2.823550449402885687e-01,0.000000000000000000e+00,0.000000000000000000e+00,0.000000000000000000e+00,5.376027484172281490e+00,7.414803183014895098e-03,7.434483846804788160e-03,2.768871689260588714e-02
5.463129087999998745e+00,0.000000000000000000e+00,0.000000000000000000e+00,1.000000000000000000e+00,1.000000000000000000e+00,0.000000000000000000e+00,1.627959044319454908e+09,1.533315840600399271e+00,3.066631681200798765e-01,0.000000000000000000e+00,0.000000000000000000e+00,0.000000000000000000e+00,5.838853067227967486e+00,8.053148246637721955e-03,7.848652948543786284e-03,3.250628443434825515e-02
5.656402616319999410e+00,0.000000000000000000e+00,0.000000000000000000e+00,1.000000000000000000e+00,1.000000000000000000e+00,0.000000000000000000e+00,1.627959044334704161e+09,1.654431463494387300e+00,3.308862926988774822e-01,0.000000000000000000e+00,0.000000000000000000e+00,0.000000000000000000e+00,6.300060280705184645e+00,8.689261198922380511e-03,8.432722946835009836e-03,3.755205300072308322e-02
5.725122093055999173e+00,0.000000000000000000e+00,0.000000000000000000e+00,1.000000000000000000e+00,1.000000000000000000e+00,0.000000000000000000e+00,1.627959044350100756e+09,1.774490598079155435e+00,3.548981196158311202e-01,0.000000000000000000e+00,0.000000000000000000e+00,0.000000000000000000e+00,6.757244396108646356e+00,9.319825355094913874e-03,9.353503028273518066e-03,4.301627561514281828e-02
5.780097674444800049e+00,0.000000000000000000e+00,0.000000000000000000e+00,1.000000000000000000e+00,1.000000000000000000e+00,0.000000000000000000e+00,1.627959044366298676e+09,1.893009542928460798e+00,3.786019085856922040e-01,0.000000000000000000e+00,0.000000000000000000e+00,0.000000000000000000e+00,7.208563482714454018e+00,9.942300260547402499e-03,9.666047568528733300e-03,4.914883898379786287e-02
5.824078139555840750e+00,0.000000000000000000e+00,0.000000000000000000e+00,1.000000000000000000e+00,1.000000000000000000e+00,0.000000000000000000e+00,1.627959044381703377e+09,2.009622186873951222e+00,4.019244373747902777e-01,0.000000000000000000e+00,0.000000000000000000e+00,0.000000000000000000e+00,7.652623392453648421e+00,1.055476305800842271e-02,1.060203154115456695e-02,5.534036485976201458e-02
5.859262511644672600e+00,0.000000000000000000e+00,0.000000000000000000e+00,1.000000000000000000e+00,1.000000000000000000e+00,0.000000000000000000e+00,1.627959044397442341e+09,2.124055865454407943e+00,4.248111730908816219e-01,0.000000000000000000e+00,0.000000000000000000e+00,0.000000000000000000e+00,8.088385821485912786e+00,1.115578168288329161e-02,1.110009362168717581e-02,6.202645265416639048e-02
5.859262511644672600e+00,0.000000000000000000e+00,0.000000000000000000e+00,1.000000000000000000e+00,1.000000000000000000e+00,0.000000000000000000e+00,1.627959044413011789e+09,2.236112064840115821e+00,4.472224129680231752e-01,0.000000000000000000e+00,0.000000000000000000e+00,0.000000000000000000e+00,8.515094830915407087e+00,1.174431351808206438e-02,1.124793296947575530e-02,6.898945896797931132e-02
5.909928007452590393e+00,0.000000000000000000e+00,0.000000000000000000e+00,1.000000000000000000e+00,1.000000000000000000e+00,0.000000000000000000e+00,1.627959044428292036e+09,2.344806578244252648e+00,4.689613156488505741e-01,0.000000000000000000e+00,0.000000000000000000e+00,0.000000000000000000e+00,8.929002570062017696e+00,1.231518939822487391e-02,1.189139839015927562e-02,7.615530358008536227e-02
5.927942405962072669e+00,0.000000000000000000e+00,0.000000000000000000e+00,1.000000000000000000e+00,1.000000000000000000e+00,0.000000000000000000e+00,1.627959044444210291e+09,2.451760221120502514e+00,4.903520442241005028e-01,0.000000000000000000e+00,0.000000000000000000e+00,0.000000000000000000e+00,9.336281089740433359e+00,1.287692202942440807e-02,1.325878887903226243e-02,8.396085238738838774e-02
5.942353924769658846e+00,0.000000000000000000e+00,0.000000000000000000e+00,1.000000000000000000e+00,1.000000000000000000e+00,0.000000000000000000e+00,1.627959044459808826e+09,2.556045686665749272e+00,5.112091373331498767e-01,0.000000000000000000e+00,0.000000000000000000e+00,0.000000000000000000e+00,9.733399213901812175e+00,1.342464109145187143e-02,1.330271189585759996e-02,9.193496628328656772e-02
5.953883139815726366e+00,0.000000000000000000e+00,0.000000000000000000e+00,1.000000000000000000e+00,1.000000000000000000e+00,0.000000000000000000e+00,1.627959044475917816e+09,2.657634933808866506e+00,5.315269867617733457e-01,0.000000000000000000e+00,0.000000000000000000e+00,0.000000000000000000e+00,1.012025016239700825e+01,1.395819930942964610e-02,1.372251249616025272e-02,1.004973290465831642e-01
5.963106511852581448e+00,0.000000000000000000e+00,0.000000000000000000e+00,1.000000000000000000e+00,1.000000000000000000e+00,0.000000000000000000e+00,1.627959044491165400e+09,2.756522379989072125e+00,5.513044759978144027e-01,0.000000000000000000e+00,0.000000000000000000e+00,0.000000000000000000e+00,1.049681267688426622e+01,1.447756736311699155e-02,1.403785463718558793e-02,1.089033900172443753e-01
5.970485209482065514e+00,0.000000000000000000e+00,0.000000000000000000e+00,1.000000000000000000e+00,1.000000000000000000e+00,0.000000000000000000e+00,1.627959044507759809e+09,2.852719903944977542e+00,5.705439807889954862e-01,0.000000000000000000e+00,0.000000000000000000e+00,0.000000000000000000e+00,1.086313199149445019e+01,1.498280764099284290e-02,1.461823450729475213e-02,1.183712307247552498e-01
5.970485209482065514e+00,0.000000000000000000e+00,0.000000000000000000e+00,1.000000000000000000e+00,1.000000000000000000e+00,0.000000000000000000e+00,1.627959044523966312e+09,2.946252863111090026e+00,5.892505726222180273e-01,0.000000000000000000e+00,0.000000000000000000e+00,0.000000000000000000e+00,1.121930466711235752e+01,1.547405332317171485e-02,1.564923049997330590e-02,1.279209218472860121e-01
5.970485209482065514e+00,0.000000000000000000e+00,0.000000000000000000e+00,1.000000000000000000e+00,1.000000000000000000e+00,0.000000000000000000e+00,1.627959044540201426e+09,3.036979833502218895e+00,6.073959667004438234e-01,0.000000000000000000e+00,0.000000000000000000e+00,0.000000000000000000e+00,1.156479216246172648e+01,1.595056163488522277e-02,1.608119749567294907e-02,1.377820640898289317e-01
5.970485209482065514e+00,0.000000000000000000e+00,0.000000000000000000e+00,1.000000000000000000e+00,1.000000000000000000e+00,0.000000000000000000e+00,1.627959044555119514e+09,3.124984994781613956e+00,6.249969989563228800e-01,0.000000000000000000e+00,0.000000000000000000e+00,0.000000000000000000e+00,1.189991503295061470e+01,1.641277469724732388e-02,1.645213806858036518e-02,1.471058248905949273e-01
5.970485209482065514e+00,0.000000000000000000e+00,0.000000000000000000e+00,1.000000000000000000e+00,1.000000000000000000e+00,0.000000000000000000e+00,1.627959044571079493e+09,3.210350001222627370e+00,6.420700002445255405e-01,0.000000000000000000e+00,0.000000000000000000e+00,0.000000000000000000e+00,1.222498421732483642e+01,1.686112136773856504e-02,1.639342260334747739e-02,1.573532480355002150e-01
5.970485209482065514e+00,0.000000000000000000e+00,0.000000000000000000e+00,1.000000000000000000e+00,1.000000000000000000e+00,0.000000000000000000e+00,1.627959044586768150e+09,3.293154057470410123e+00,6.586308114940820913e-01,0.000000000000000000e+00,0.000000000000000000e+00,0.000000000000000000e+00,1.254030132616783177e+01,1.729601763811506113e-02,1.683879102782035939e-02,1.676862814276303681e-01
5.970485209482065514e+00,0.000000000000000000e+00,0.000000000000000000e+00,1.000000000000000000e+00,1.000000000000000000e+00,0.000000000000000000e+00,1.627959044602511406e+09,3.373473992030759483e+00,6.746947984061519854e-01,0.000000000000000000e+00,0.000000000000000000e+00,0.000000000000000000e+00,1.284615892174553586e+01,1.771786702038026864e-02,1.744663565488350013e-02,1.783081741012074450e-01
5.970485209482065514e+00,0.000000000000000000e+00,0.000000000000000000e+00,1.000000000000000000e+00,1.000000000000000000e+00,0.000000000000000000e+00,1.627959044618855238e+09,3.451384328554298442e+00,6.902768657108597772e-01,0.000000000000000000e+00,0.000000000000000000e+00,0.000000000000000000e+00,1.314284078945591006e+01,1.812706092117752008e-02,1.847554659562743520e-02,1.895899432389106520e-01
5.970485209482065514e+00,0.000000000000000000e+00,0.000000000000000000e+00,1.000000000000000000e+00,1.000000000000000000e+00,0.000000000000000000e+00,1.627959044634895802e+09,3.526957354982131143e+00,7.053914709964262952e-01,0.000000000000000000e+00,0.000000000000000000e+00,0.000000000000000000e+00,1.343062220113497141e+01,1.852397900495085514e-02,1.870234671112060848e-02,2.009048199805985591e-01
5.970485209482065514e+00,0.000000000000000000e+00,0.000000000000000000e+00,1.000000000000000000e+00,1.000000000000000000e+00,0.000000000000000000e+00,1.627959044651259184e+09,3.600263190617128739e+00,7.200526381234257922e-01,0.000000000000000000e+00,0.000000000000000000e+00,0.000000000000000000e+00,1.370977017046365987e+01,1.890898954621098721e-02,1.904906211395313020e-02,2.126873166027616335e-01
5.970485209482065514e+00,0.000000000000000000e+00,0.000000000000000000e+00,1.000000000000000000e+00,1.000000000000000000e+00,0.000000000000000000e+00,1.627959044667926788e+09,3.671369851183076793e+00,7.342739702366154475e-01,0.000000000000000000e+00,0.000000000000000000e+00,0.000000000000000000e+00,1.398054370071249330e+01,1.928244977123331691e-02,1.965074582811509804e-02,2.249259046939613982e-01
5.970485209482065514e+00,0.000000000000000000e+00,0.000000000000000000e+00,1.000000000000000000e+00,1.000000000000000000e+00,0.000000000000000000e+00,1.627959044684121132e+09,3.740343311932046166e+00,7.480686623864092333e-01,0.000000000000000000e+00,0.000000000000000000e+00,0.000000000000000000e+00,1.424319402505385668e+01,1.964470618950497557e-02,1.934002249715804575e-02,2.370403856242741525e-01
5.970485209482065514e+00,0.000000000000000000e+00,0.000000000000000000e+00,1.000000000000000000e+00,1.000000000000000000e+00,0.000000000000000000e+00,1.627959044701004267e+09,3.807247568858546316e+00,7.614495137717093298e-01,0.000000000000000000e+00,0.000000000000000000e+00,0.000000000000000000e+00,1.449796483966498251e+01,1.999609491522848226e-02,2.015199626469269326e-02,2.498960404405955460e-01
5.970485209482065514e+00,0.000000000000000000e+00,0.000000000000000000e+00,1.000000000000000000e+00,1.000000000000000000e+00,0.000000000000000000e+00,1.627959044717741013e+09,3.872144698077251590e+00,7.744289396154503402e-01,0.000000000000000000e+00,0.000000000000000000e+00,0.000000000000000000e+00,1.474509252983777152e+01,2.033694197918028621e-02,2.016781027088085376e-02,2.628574607697049537e-01
5.970485209482065514e+00,0.000000000000000000e+00,0.000000000000000000e+00,1.000000000000000000e+00,1.000000000000000000e+00,0.000000000000000000e+00,1.627959044734512568e+09,3.935094913419395546e+00,7.870189826838791536e-01,0.000000000000000000e+00,0.000000000000000000e+00,0.000000000000000000e+00,1.498480638930537800e+01,2.066756363121353274e-02,2.033192941782543603e-02,2.760569928820404972e-01
5.970485209482065514e+00,0.000000000000000000e+00,0.000000000000000000e+00,1.000000000000000000e+00,1.000000000000000000e+00,0.000000000000000000e+00,1.627959044750810862e+09,3.996156622301275441e+00,7.992313244602551325e-01,0.000000000000000000e+00,0.000000000000000000e+00,0.000000000000000000e+00,1.521732883298895622e+01,2.098826663368578635e-02,2.093002153569508555e-02,2.890831000359576075e-01
5.970485209482065514e+00,0.000000000000000000e+00,0.000000000000000000e+00,1.000000000000000000e+00,1.000000000000000000e+00,0.000000000000000000e+00,1.627959044767853260e+09,4.055386479916698761e+00,8.110772959833397744e-01,0.000000000000000000e+00,0.000000000000000000e+00,0.000000000000000000e+00,1.544287560336202603e+01,2.129934854608387176e-02,2.158718354419091393e-02,3.029058024900918578e-01
5.970485209482065514e+00,0.000000000000000000e+00,0.000000000000000000e+00,1.000000000000000000e+00,1.000000000000000000e+00,0.000000000000000000e+00,1.627959044783779383e+09,4.112839441803659568e+00,8.225678883607319136e-01,0.000000000000000000e+00,0.000000000000000000e+00,0.000000000000000000e+00,1.566165597062390447e+01,2.160109800111001399e-02,2.184442376554157628e-02,3.160061195807482570e-01
5.970485209482065514e+00,0.000000000000000000e+00,0.000000000000000000e+00,1.000000000000000000e+00,1.000000000000000000e+00,0.000000000000000000e+00,1.627959044799904108e+09,4.168568814834011427e+00,8.337137629668023298e-01,0.000000000000000000e+00,0.000000000000000000e+00,0.000000000000000000e+00,1.587387292686792684e+01,2.189379497248537115e-02,2.148336286530966310e-02,3.294495250222638782e-01
5.970485209482065514e+00,0.000000000000000000e+00,0.000000000000000000e+00,1.000000000000000000e+00,1.000000000000000000e+00,0.000000000000000000e+00,1.627959044816916943e+09,4.222626306673452845e+00,8.445252613346906356e-01,0.000000000000000000e+00,0.000000000000000000e+00,0.000000000000000000e+00,1.607972337442463129e+01,2.217771103471946961e-02,2.212107501020039307e-02,3.438172935657599072e-01
5.970485209482065514e+00,0.000000000000000000e+00,0.000000000000000000e+00,1.000000000000000000e+00,1.000000000000000000e+00,0.000000000000000000e+00,1.627959044833938599e+09,4.275062073757711190e+00,8.550124147515423267e-01,0.000000000000000000e+00,0.000000000000000000e+00,0.000000000000000000e+00,1.627939830855463299e+01,2.245310961508654654e-02,2.246920126144758001e-02,3.583710207964927452e-01
5.970485209482065514e+00,0.000000000000000000e+00,0.000000000000000000e+00,1.000000000000000000e+00,1.000000000000000000e+00,0.000000000000000000e+00,1.627959044849538326e+09,4.325924767829442352e+00,8.651849535658885371e-01,0.000000000000000000e+00,0.000000000000000000e+00,0.000000000000000000e+00,1.647308299466073933e+01,2.272024623804260943e-02,2.232085879607893439e-02,3.718676704222270701e-01
5.970485209482065514e+00,0.000000000000000000e+00,0.000000000000000000e+00,1.000000000000000000e+00,1.000000000000000000e+00,0.000000000000000000e+00,1.627959044864550114e+09,4.375261581079021411e+00,8.750523162158043711e-01,0.000000000000000000e+00,0.000000000000000000e+00,0.000000000000000000e+00,1.666095714018365825e+01,2.297936876230999639e-02,2.315796301340307395e-02,3.850037697698689976e-01
5.970485209482065514e+00,0.000000000000000000e+00,0.000000000000000000e+00,1.000000000000000000e+00,1.000000000000000000e+00,0.000000000000000000e+00,1.627959044880476475e+09,4.423118289931112557e+00,8.846236579862225557e-01,0.000000000000000000e+00,0.000000000000000000e+00,0.000000000000000000e+00,1.684319506134088940e+01,2.323071761084935516e-02,2.313638847464201398e-02,3.990926055703926667e-01
5.970485209482065514e+00,0.000000000000000000e+00,0.000000000000000000e+00,1.000000000000000000e+00,1.000000000000000000e+00,0.000000000000000000e+00,1.627959044895365477e+09,4.469539297517640897e+00,8.939078595035282460e-01,0.000000000000000000e+00,0.000000000000000000e+00,0.000000000000000000e+00,1.701996584486339970e+01,2.347452599393252959e-02,2.321502225822677859e-02,4.124020013409748220e-01
5.970485209482065514e+00,0.000000000000000000e+00,0.000000000000000000e+00,1.000000000000000000e+00,1.000000000000000000e+00,0.000000000000000000e+00,1.627959044911619663e+09,4.514567674876573733e+00,9.029135349753147910e-01,0.000000000000000000e+00,0.000000000000000000e+00,0.000000000000000000e+00,1.719143350488024069e+01,2.371102012552321614e-02,2.329671817918597954e-02,4.270781264494414864e-01
5.970485209482065514e+00,0.000000000000000000e+00,0.000000000000000000e+00,1.000000000000000000e+00,1.000000000000000000e+00,0.000000000000000000e+00,1.627959044927822828e+09,4.558245200914738504e+00,9.116490401829477896e-01,0.000000000000000000e+00,0.000000000000000000e+00,0.000000000000000000e+00,1.735775713509657692e+01,2.394041943316618098e-02,2.353164874445343169e-02,4.418497263191393798e-01
5.970485209482065514e+00,0.000000000000000000e+00,0.000000000000000000e+00,1.000000000000000000e+00,1.000000000000000000e+00,0.000000000000000000e+00,1.627959044943506002e+09,4.600612401171758847e+00,9.201224802343518361e-01,0.000000000000000000e+00,0.000000000000000000e+00,0.000000000000000000e+00,1.751909105640642039e+01,2.416293676157985765e-02,2.447231822579984395e-02,4.562801674006193298e-01
5.970485209482065514e+00,0.000000000000000000e+00,0.000000000000000000e+00,1.000000000000000000e+00,1.000000000000000000e+00,0.000000000000000000e+00,1.627959044959114075e+09,4.641708585421068456e+00,9.283417170842137578e-01,0.000000000000000000e+00,0.000000000000000000e+00,0.000000000000000000e+00,1.767558496007696789e+01,2.437877857014112207e-02,2.454167628790524663e-02,4.707697920222295163e-01
5.970485209482065514e+00,0.000000000000000000e+00,0.000000000000000000e+00,1.000000000000000000e+00,1.000000000000000000e+00,0.000000000000000000e+00,1.627959044974879503e+09,4.681571884142898377e+00,9.363143768285797641e-01,0.000000000000000000e+00,0.000000000000000000e+00,0.000000000000000000e+00,1.782738404663740184e+01,2.458814512444554984e-02,2.448600092608469933e-02,4.855311894239890957e-01
5.970485209482065514e+00,0.000000000000000000e+00,0.000000000000000000e+00,1.000000000000000000e+00,1.000000000000000000e+00,0.000000000000000000e+00,1.627959044990603924e+09,4.720239283903073790e+00,9.440478567806147581e-01,0.000000000000000000e+00,0.000000000000000000e+00,0.000000000000000000e+00,1.797462916060102245e+01,2.479123068212084335e-02,2.517181908758639453e-02,5.003757949409597394e-01
5.970485209482065514e+00,0.000000000000000000e+00,0.000000000000000000e+00,1.000000000000000000e+00,1.000000000000000000e+00,0.000000000000000000e+00,1.627959045006166220e+09,4.757746661670443800e+00,9.515493323340887821e-01,0.000000000000000000e+00,0.000000000000000000e+00,0.000000000000000000e+00,1.811745692114573103e+01,2.498822367306588119e-02,2.453042724184505488e-02,5.151840872272229754e-01
5.970485209482065514e+00,0.000000000000000000e+00,0.000000000000000000e+00,1.000000000000000000e+00,1.000000000000000000e+00,0.000000000000000000e+00,1.627959045021779776e+09,4.794128818104792522e+00,9.588257636209585044e-01,0.000000000000000000e+00,0.000000000000000000e+00,0.000000000000000000e+00,1.825599984887410088e+01,2.517930687428256153e-02,2.549785347880827863e-02,5.301547668937444113e-01
5.970485209482065514e+00,0.000000000000000000e+00,0.000000000000000000e+00,1.000000000000000000e+00,1.000000000000000000e+00,0.000000000000000000e+00,1.627959045037160635e+09,4.829419509846110792e+00,9.658839019692222472e-01,0.000000000000000000e+00,0.000000000000000000e+00,0.000000000000000000e+00,1.839038648877061988e+01,2.536465757946274741e-02,2.539851152167658943e-02,5.450108913625093532e-01
5.970485209482065514e+00,0.000000000000000000e+00,0.000000000000000000e+00,1.000000000000000000e+00,1.000000000000000000e+00,0.000000000000000000e+00,1.627959045053792000e+09,4.863651480835189389e+00,9.727302961670378778e-01,0.000000000000000000e+00,0.000000000000000000e+00,0.000000000000000000e+00,1.852074152947024288e+01,2.554444776348752458e-02,2.565755809502864512e-02,5.611887237918525839e-01
5.970485209482065514e+00,0.000000000000000000e+00,0.000000000000000000e+00,1.000000000000000000e+00,1.000000000000000000e+00,0.000000000000000000e+00,1.627959045070155859e+09,4.896856492694595886e+00,9.793712985389192438e-01,0.000000000000000000e+00,0.000000000000000000e+00,0.000000000000000000e+00,1.864718591894887467e+01,2.571884424199155986e-02,2.570882491100172709e-02,5.772150178027823930e-01
5.970485209482065514e+00,0.000000000000000000e+00,0.000000000000000000e+00,1.000000000000000000e+00,1.000000000000000000e+00,0.000000000000000000e+00,1.627959045087175131e+09,4.929065354198220561e+00,9.858130708396442010e-01,0.000000000000000000e+00,0.000000000000000000e+00,0.000000000000000000e+00,1.876983697674315366e+01,2.588800882614047602e-02,2.548718708650382289e-02,5.939928384492632052e-01
5.970485209482065514e+00,0.000000000000000000e+00,0.000000000000000000e+00,1.000000000000000000e+00,1.000000000000000000e+00,0.000000000000000000e+00,1.627959045103321075e+09,4.960307949856735732e+00,9.920615899713471908e-01,0.000000000000000000e+00,0.000000000000000000e+00,0.000000000000000000e+00,1.888880850280359880e+01,2.605209847276492019e-02,2.592588148194334419e-02,6.100106099161024531e-01
5.970485209482065514e+00,0.000000000000000000e+00,0.000000000000000000e+00,1.000000000000000000e+00,1.000000000000000000e+00,0.000000000000000000e+00,1.627959045118452311e+09,4.990613267645495732e+00,9.981226535290992352e-01,0.000000000000000000e+00,0.000000000000000000e+00,0.000000000000000000e+00,1.900421088308223005e+01,2.621126542999063433e-02,2.605141461104540021e-02,6.251134384679252198e-01
5.970485209482065514e+00,0.000000000000000000e+00,0.000000000000000000e+00,1.000000000000000000e+00,1.000000000000000000e+00,0.000000000000000000e+00,1.627959045134339571e+09,5.020009425900592959e+00,1.004001885180118681e+00,0.000000000000000000e+00,0.000000000000000000e+00,0.000000000000000000e+00,1.911615119195250756e+01,2.636565737849957264e-02,2.646793377064176472e-02,6.410642778970324640e-01
5.970485209482065514e+00,0.000000000000000000e+00,0.000000000000000000e+00,1.000000000000000000e+00,1.000000000000000000e+00,0.000000000000000000e+00,1.627959045150704145e+09,5.048523699408037579e+00,1.009704739881607471e+00,0.000000000000000000e+00,0.000000000000000000e+00,0.000000000000000000e+00,1.922473329155667443e+01,2.651541756855324908e-02,2.627103006521973316e-02,6.575876662675449458e-01
5.970485209482065514e+00,0.000000000000000000e+00,0.000000000000000000e+00,1.000000000000000000e+00,1.000000000000000000e+00,0.000000000000000000e+00,1.627959045167599201e+09,5.076182544710258426e+00,1.015236508942051641e+00,0.000000000000000000e+00,0.000000000000000000e+00,0.000000000000000000e+00,1.933005792817271384e+01,2.666068495290531068e-02,2.707202251521124287e-02,6.747401437067483965e-01
5.970485209482065514e+00,0.000000000000000000e+00,0.000000000000000000e+00,1.000000000000000000e+00,1.000000000000000000e+00,0.000000000000000000e+00,1.627959045184582949e+09,5.103011624653412959e+00,1.020602324930682592e+00,0.000000000000000000e+00,0.000000000000000000e+00,0.000000000000000000e+00,1.943222282569027470e+01,2.680159431572681425e-02,2.652780731009743084e-02,6.920737958732191553e-01
5.970485209482065514e+00,0.000000000000000000e+00,0.000000000000000000e+00,1.000000000000000000e+00,1.000000000000000000e+00,0.000000000000000000e+00,1.627959045200766802e+09,5.129035832198272971e+00,1.025807166439654639e+00,0.000000000000000000e+00,0.000000000000000000e+00,0.000000000000000000e+00,1.953132277628230895e+01,2.693827639766366994e-02,2.669004156435551833e-02,7.086753084144951087e-01
5.970485209482065514e+00,0.000000000000000000e+00,0.000000000000000000e+00,1.000000000000000000e+00,1.000000000000000000e+00,0.000000000000000000e+00,1.627959045217392921e+09,5.154279313516786587e+00,1.030855862703357273e+00,0.000000000000000000e+00,0.000000000000000000e+00,0.000000000000000000e+00,1.962744972835657720e+01,2.707085801714242262e-02,2.712108251950672705e-02,7.258144412922308275e-01
5.970485209482065514e+00,0.000000000000000000e+00,0.000000000000000000e+00,1.000000000000000000e+00,1.000000000000000000e+00,0.000000000000000000e+00,1.627959045233741999e+09,5.178765490395744742e+00,1.035753098079148948e+00,0.000000000000000000e+00,0.000000000000000000e+00,0.000000000000000000e+00,1.972069287186862141e+01,2.719946218803680552e-02,2.766140571292799444e-02,7.427480486784816538e-01
5.970485209482065514e+00,0.000000000000000000e+00,0.000000000000000000e+00,1.000000000000000000e+00,1.000000000000000000e+00,0.000000000000000000e+00,1.627959045249740362e+09,5.202517081968334622e+00,1.040503416393667058e+00,0.000000000000000000e+00,0.000000000000000000e+00,0.000000000000000000e+00,1.981113872107530582e+01,2.732420823380436389e-02,2.707762728912622985e-02,7.593944005516047868e-01
5.970485209482065514e+00,0.000000000000000000e+00,0.000000000000000000e+00,1.000000000000000000e+00,1.000000000000000000e+00,0.000000000000000000e+00,1.627959045265984058e+09,5.225556125793747064e+00,1.045111225158749546e+00,0.000000000000000000e+00,0.000000000000000000e+00,0.000000000000000000e+00,1.989887119480579258e+01,2.744521189819889434e-02,2.708883906280811285e-02,7.763708698016378307e-01
5.970485209482065514e+00,0.000000000000000000e+00,0.000000000000000000e+00,1.000000000000000000e+00,1.000000000000000000e+00,0.000000000000000000e+00,1.627959045282922029e+09,5.247903998304396467e+00,1.049580799660879249e+00,0.000000000000000000e+00,0.000000000000000000e+00,0.000000000000000000e+00,1.998397169432435660e+01,2.756258545266158932e-02,2.713030874061577238e-02,7.941486390692702457e-01
5.970485209482065514e+00,0.000000000000000000e+00,0.000000000000000000e+00,1.000000000000000000e+00,1.000000000000000000e+00,0.000000000000000000e+00,1.627959045299101114e+09,5.269581434639726503e+00,1.053916286927945256e+00,0.000000000000000000e+00,0.000000000000000000e+00,0.000000000000000000e+00,2.006651917885736580e+01,2.767643780049040131e-02,2.787215594264902743e-02,8.112000400242154186e-01
5.970485209482065514e+00,0.000000000000000000e+00,0.000000000000000000e+00,1.000000000000000000e+00,1.000000000000000000e+00,0.000000000000000000e+00,1.627959045315870762e+09,5.290608547884996682e+00,1.058121709576999470e+00,0.000000000000000000e+00,0.000000000000000000e+00,0.000000000000000000e+00,2.014659023885439026e+01,2.778687457788434761e-02,2.771035151659677342e-02,8.289443682098971422e-01
5.970485209482065514e+00,0.000000000000000000e+00,0.000000000000000000e+00,1.000000000000000000e+00,1.000000000000000000e+00,0.000000000000000000e+00,1.627959045332095146e+09,5.311004847732909262e+00,1.062200969546581941e+00,0.000000000000000000e+00,0.000000000000000000e+00,0.000000000000000000e+00,2.022425916705149618e+01,2.789399825195647969e-02,2.815466003024826372e-02,8.461779249520038348e-01
5.970485209482065514e+00,0.000000000000000000e+00,0.000000000000000000e+00,1.000000000000000000e+00,1.000000000000000000e+00,0.000000000000000000e+00,1.627959045348959684e+09,5.330789258585384438e+00,1.066157851717076888e+00,0.000000000000000000e+00,0.000000000000000000e+00,0.000000000000000000e+00,2.029959802740269481e+01,2.799790821580644753e-02,2.843585884567744262e-02,8.641581847617857415e-01
5.970485209482065514e+00,0.000000000000000000e+00,0.000000000000000000e+00,1.000000000000000000e+00,1.000000000000000000e+00,0.000000000000000000e+00,1.627959045364912033e+09,5.349980137112284595e+00,1.069996027422456919e+00,0.000000000000000000e+00,0.000000000000000000e+00,0.000000000000000000e+00,2.037267672194335333e+01,2.809870088074091499e-02,2.759977225675979209e-02,8.812271345085873619e-01
5.970485209482065514e+00,0.000000000000000000e+00,0.000000000000000000e+00,1.000000000000000000e+00,1.000000000000000000e+00,0.000000000000000000e+00,1.627959045381953001e+09,5.368595289283378591e+00,1.073719057856675763e+00,0.000000000000000000e+00,0.000000000000000000e+00,0.000000000000000000e+00,2.044356305564779674e+01,2.819646976572734789e-02,2.807589000129251389e-02,8.995243465514688452e-01
5.970485209482065514e+00,0.000000000000000000e+00,0.000000000000000000e+00,1.000000000000000000e+00,1.000000000000000000e+00,0.000000000000000000e+00,1.627959045397133827e+09,5.386651986889339661e+00,1.077330397377868065e+00,0.000000000000000000e+00,0.000000000000000000e+00,0.000000000000000000e+00,2.051232279934110636e+01,2.829130558416418847e-02,2.805427450892184274e-02,9.158791120601780245e-01
5.970485209482065514e+00,0.000000000000000000e+00,0.000000000000000000e+00,1.000000000000000000e+00,1.000000000000000000e+00,0.000000000000000000e+00,1.627959045412651777e+09,5.404166983567121996e+00,1.080833396713424488e+00,0.000000000000000000e+00,0.000000000000000000e+00,0.000000000000000000e+00,2.057901975072361722e+01,2.838329632804792793e-02,2.824224109496745183e-02,9.326514307313774621e-01
5.970485209482065514e+00,0.000000000000000000e+00,0.000000000000000000e+00,1.000000000000000000e+00,1.000000000000000000e+00,0.000000000000000000e+00,1.627959045427927017e+09,5.421156530344570790e+00,1.084231306068914158e+00,0.000000000000000000e+00,0.000000000000000000e+00,0.000000000000000000e+00,2.064371579356464892e+01,2.847252734961515375e-02,2.860109792095051964e-02,9.492133240868732003e-01
5.970485209482065514e+00,0.000000000000000000e+00,0.000000000000000000e+00,1.000000000000000000e+00,1.000000000000000000e+00,0.000000000000000000e+00,1.627959045443339109e+09,5.437636390718695978e+00,1.087527278143739284e+00,0.000000000000000000e+00,0.000000000000000000e+00,0.000000000000000000e+00,2.070647095512045155e+01,2.855908144053535824e-02,2.880734106426197788e-02,9.659743947772775341e-01
5.970485209482065514e+00,0.000000000000000000e+00,0.000000000000000000e+00,1.000000000000000000e+00,1.000000000000000000e+00,0.000000000000000000e+00,1.627959045458897591e+09,5.453621855281597597e+00,1.090724371056319475e+00,0.000000000000000000e+00,0.000000000000000000e+00,0.000000000000000000e+00,2.076734346182957935e+01,2.864303890872796007e-02,2.828058887558740353e-02,9.829444094166603918e-01
5.970485209482065514e+00,0.000000000000000000e+00,0.000000000000000000e+00,1.000000000000000000e+00,1.000000000000000000e+00,0.000000000000000000e+00,1.627959045474879980e+09,5.469127755907611466e+00,1.093825551181522249e+00,0.000000000000000000e+00,0.000000000000000000e+00,0.000000000000000000e+00,2.082638979333743023e+01,2.872447765287478028e-02,2.859551333715882812e-02,1.000426355366084596e+00
5.970485209482065514e+00,0.000000000000000000e+00,0.000000000000000000e+00,1.000000000000000000e+00,1.000000000000000000e+00,0.000000000000000000e+00,1.627959045490560293e+09,5.484168479514845096e+00,1.096833695902968975e+00,0.000000000000000000e+00,0.000000000000000000e+00,0.000000000000000000e+00,2.088366473490005149e+01,2.880347323469719528e-02,2.893229198352889955e-02,1.017625051147827309e+00
5.970485209482065514e+00,0.000000000000000000e+00,0.000000000000000000e+00,1.000000000000000000e+00,1.000000000000000000e+00,0.000000000000000000e+00,1.627959045506608725e+09,5.498757981413861629e+00,1.099751596282772415e+00,0.000000000000000000e+00,0.000000000000000000e+00,0.000000000000000000e+00,2.093922142821579158e+01,2.888009894906494110e-02,2.885686074415482610e-02,1.035274339193945625e+00
5.970485209482065514e+00,0.000000000000000000e+00,0.000000000000000000e+00,1.000000000000000000e+00,1.000000000000000000e+00,0.000000000000000000e+00,1.627959045522150993e+09,5.512909798255908100e+00,1.102581959651181664e+00,0.000000000000000000e+00,0.000000000000000000e+00,0.000000000000000000e+00,2.099311142073205971e+01,2.895442589200165548e-02,2.924434781407693126e-02,1.052410964333110766e+00
5.970485209482065514e+00,0.000000000000000000e+00,0.000000000000000000e+00,1.000000000000000000e+00,1.000000000000000000e+00,0.000000000000000000e+00,1.627959045537657022e+09,5.526637060592692663e+00,1.105327412118538577e+00,0.000000000000000000e+00,0.000000000000000000e+00,0.000000000000000000e+00,2.104538471347283846e+01,2.902652302665026038e-02,2.930131093170455434e-02,1.069550203382534370e+00
5.970485209482065514e+00,0.000000000000000000e+00,0.000000000000000000e+00,1.000000000000000000e+00,1.000000000000000000e+00,0.000000000000000000e+00,1.627959045553813696e+09,5.539952505059374310e+00,1.107990501011874906e+00,0.000000000000000000e+00,0.000000000000000000e+00,0.000000000000000000e+00,2.109608980743139739e+01,2.909645724725941698e-02,2.956804994638339082e-02,1.087451644072472634e+00
5.970485209482065514e+00,0.000000000000000000e+00,0.000000000000000000e+00,1.000000000000000000e+00,1.000000000000000000e+00,0.000000000000000000e+00,1.627959045569975138e+09,5.552868486192055641e+00,1.110573697238411262e+00,0.000000000000000000e+00,0.000000000000000000e+00,0.000000000000000000e+00,2.114527374857119923e+01,2.916429344125029757e-02,2.914035279200584416e-02,1.105400116248309805e+00
5.970485209482065514e+00,0.000000000000000000e+00,0.000000000000000000e+00,1.000000000000000000e+00,1.000000000000000000e+00,0.000000000000000000e+00,1.627959045586368322e+09,5.565396987890755653e+00,1.113079397578151220e+00,0.000000000000000000e+00,0.000000000000000000e+00,0.000000000000000000e+00,2.119298217147680319e+01,2.923009454942144744e-02,2.901239210371086077e-02,1.123647032356126063e+00
5.970485209482065514e+00,0.000000000000000000e+00,0.000000000000000000e+00,1.000000000000000000e+00,1.000000000000000000e+00,0.000000000000000000e+00,1.627959045602736235e+09,5.577549634538494949e+00,1.115509926907699123e+00,0.000000000000000000e+00,0.000000000000000000e+00,0.000000000000000000e+00,2.123925934169523799e+01,2.929392162434746316e-02,2.924601021137619022e-02,1.141905601001142578e+00
5.970485209482065514e+00,0.000000000000000000e+00,0.000000000000000000e+00,1.000000000000000000e+00,1.000000000000000000e+00,0.000000000000000000e+00,1.627959045619713545e+09,5.589337701786802448e+00,1.117867540357360578e+00,0.000000000000000000e+00,0.000000000000000000e+00,0.000000000000000000e+00,2.128414819680712355e+01,2.935583388702570073e-02,2.899664183372862789e-02,1.160883984974685479e+00
5.970485209482065514e+00,0.000000000000000000e+00,0.000000000000000000e+00,1.000000000000000000e+00,1.000000000000000000e+00,0.000000000000000000e+00,1.627959045635706186e+09,5.600772127017660473e+00,1.120154425403532050e+00,0.000000000000000000e+00,0.000000000000000000e+00,0.000000000000000000e+00,2.132769038626564750e+01,2.941588878182358965e-02,2.976120359095296708e-02,1.178798213067646428e+00
5.970485209482065514e+00,0.000000000000000000e+00,0.000000000000000000e+00,1.000000000000000000e+00,1.000000000000000000e+00,0.000000000000000000e+00,1.627959045651871204e+09,5.611863519491592456e+00,1.122372703898318447e+00,0.000000000000000000e+00,0.000000000000000000e+00,0.000000000000000000e+00,2.136992631004041954e+01,2.947414202977754333e-02,2.963029109361628444e-02,1.196941388120529970e+00
5.970485209482065514e+00,0.000000000000000000e+00,0.000000000000000000e+00,1.000000000000000000e+00,1.000000000000000000e+00,0.000000000000000000e+00,1.627959045668721914e+09,5.622622170191307056e+00,1.124524434038261411e+00,0.000000000000000000e+00,0.000000000000000000e+00,0.000000000000000000e+00,2.141089515610195093e+01,2.953064768029287773e-02,2.958270047929536378e-02,1.215890423151019473e+00
5.970485209482065514e+00,0.000000000000000000e+00,0.000000000000000000e+00,1.000000000000000000e+00,1.000000000000000000e+00,0.000000000000000000e+00,1.627959045684827566e+09,5.633058061370030067e+00,1.126611612274005969e+00,0.000000000000000000e+00,0.000000000000000000e+00,0.000000000000000000e+00,2.145063493678163269e+01,2.958545816129275197e-02,2.978106628971577755e-02,1.234035237554632847e+00
5.970485209482065514e+00,0.000000000000000000e+00,0.000000000000000000e+00,1.000000000000000000e+00,1.000000000000000000e+00,0.000000000000000000e+00,1.627959045701777935e+09,5.643180875813391673e+00,1.128636175162678335e+00,0.000000000000000000e+00,0.000000000000000000e+00,0.000000000000000000e+00,2.148918252404092755e+01,2.963862432786263171e-02,2.995095318991260191e-02,1.253166037056335780e+00
5.970485209482065514e+00,0.000000000000000000e+00,0.000000000000000000e+00,1.000000000000000000e+00,1.000000000000000000e+00,0.000000000000000000e+00,1.627959045717793465e+09,5.653000005823452412e+00,1.130600001164690616e+00,0.000000000000000000e+00,0.000000000000000000e+00,0.000000000000000000e+00,2.152657368368244661e+01,2.969019550943541655e-02,3.007323833167770133e-02,1.271273194877570623e+00
5.970485209482065514e+00,0.000000000000000000e+00,0.000000000000000000e+00,1.000000000000000000e+00,1.000000000000000000e+00,0.000000000000000000e+00,1.627959045733937979e+09,5.662524561933210521e+00,1.132504912386642193e+00,0.000000000000000000e+00,0.000000000000000000e+00,0.000000000000000000e+00,2.156284310853471098e+01,2.974021955556101215e-02,2.945017552793710927e-02,1.289556936385640062e+00
5.970485209482065514e+00,0.000000000000000000e+00,0.000000000000000000e+00,1.000000000000000000e+00,1.000000000000000000e+00,0.000000000000000000e+00,1.627959045750782967e+09,5.671763381359676615e+00,1.134352676271935367e+00,0.000000000000000000e+00,0.000000000000000000e+00,0.000000000000000000e+00,2.159802445064141097e+01,2.978874288030284451e-02,2.969169874012388480e-02,1.308665093456906403e+00
5.970485209482065514e+00,0.000000000000000000e+00,0.000000000000000000e+00,1.000000000000000000e+00,1.000000000000000000e+00,0.000000000000000000e+00,1.627959045767027617e+09,5.680725036203348566e+00,1.136145007240669802e+00,0.000000000000000000e+00,0.000000000000000000e+00,0.000000000000000000e+00,2.163215035248491347e+01,2.983581050530241877e-02,2.965709037298157671e-02,1.327121371320490795e+00
5.970485209482065514e+00,0.000000000000000000e+00,0.000000000000000000e+00,1.000000000000000000e+00,1.000000000000000000e+00,0.000000000000000000e+00,1.627959045783833265e+09,5.689417841401709808e+00,1.137883568280342095e+00,0.000000000000000000e+00,0.000000000000000000e+00,0.000000000000000000e+00,2.166525247727310344e+01,2.988146610155200528e-02,2.951453175438293122e-02,1.346244242948523739e+00
5.970485209482065514e+00,0.000000000000000000e+00,0.000000000000000000e+00,1.000000000000000000e+00,1.000000000000000000e+00,0.000000000000000000e+00,1.627959045800246239e+09,5.697849862444120284e+00,1.139569972488824190e+00,0.000000000000000000e+00,0.000000000000000000e+00,0.000000000000000000e+00,2.169736153831765080e+01,2.992575202991410235e-02,2.994282856514517144e-02,1.364947974598900826e+00
5.970485209482065514e+00,0.000000000000000000e+00,0.000000000000000000e+00,1.000000000000000000e+00,1.000000000000000000e+00,0.000000000000000000e+00,1.627959045816604376e+09,5.706028922855258756e+00,1.141205784571051707e+00,0.000000000000000000e+00,0.000000000000000000e+00,0.000000000000000000e+00,2.172850732753085978e+01,2.996870938042534363e-02,3.028312798087681723e-02,1.383615975317304736e+00
5.970485209482065514e+00,0.000000000000000000e+00,0.000000000000000000e+00,1.000000000000000000e+00,1.000000000000000000e+00,0.000000000000000000e+00,1.627959045833264828e+09,5.713962611454062923e+00,1.142792522290812629e+00,0.000000000000000000e+00,0.000000000000000000e+00,0.000000000000000000e+00,2.175871874306767495e+01,3.001037801042124448e-02,3.030041088076691411e-02,1.402655415154083318e+00
5.970485209482065514e+00,0.000000000000000000e+00,0.000000000000000000e+00,1.000000000000000000e+00,1.000000000000000000e+00,0.000000000000000000e+00,1.627959045850271702e+09,5.721658289394903285e+00,1.144331657878980613e+00,0.000000000000000000e+00,0.000000000000000000e+00,0.000000000000000000e+00,2.178802381613838790e+01,3.005079658151726604e-02,3.047217522816290589e-02,1.422116919570507010e+00
5.970485209482065514e+00,0.000000000000000000e+00,0.000000000000000000e+00,1.000000000000000000e+00,1.000000000000000000e+00,0.000000000000000000e+00,1.627959045865470409e+09,5.729123096997517983e+00,1.145824619399503641e+00,0.000000000000000000e+00,0.000000000000000000e+00,0.000000000000000000e+00,2.181644973701697410e+01,3.009000259548040568e-02,3.021114671656287623e-02,1.439531972899373846e+00
5.970485209482065514e+00,0.000000000000000000e+00,0.000000000000000000e+00,1.000000000000000000e+00,1.000000000000000000e+00,0.000000000000000000e+00,1.627959045881628513e+09,5.736363960372054649e+00,1.147272792074411019e+00,0.000000000000000000e+00,0.000000000000000000e+00,0.000000000000000000e+00,2.184402288026921113e+01,3.012803242902465511e-02,3.059229678933818655e-02,1.458069725924540094e+00
5.970485209482065514e+00,0.000000000000000000e+00,0.000000000000000000e+00,1.000000000000000000e+00,1.000000000000000000e+00,0.000000000000000000e+00,1.627959045897918701e+09,5.743387597845354797e+00,1.148677519569071048e+00,0.000000000000000000e+00,0.000000000000000000e+00,0.000000000000000000e+00,2.187076882922387711e+01,3.016492136756257492e-02,2.998449445835487184e-02,1.476781898480958644e+00
5.970485209482065514e+00,0.000000000000000000e+00,0.000000000000000000e+00,1.000000000000000000e+00,1.000000000000000000e+00,0.000000000000000000e+00,1.627959045913231611e+09,5.750200526194456430e+00,1.150040105238891330e+00,0.000000000000000000e+00,0.000000000000000000e+00,0.000000000000000000e+00,2.189671239970989802e+01,3.020070363794435941e-02,2.971283230572998105e-02,1.494392359200825027e+00
5.970485209482065514e+00,0.000000000000000000e+00,0.000000000000000000e+00,1.000000000000000000e+00,1.000000000000000000e+00,0.000000000000000000e+00,1.627959045928730726e+09,5.756809066693084453e+00,1.151361813338616980e+00,0.000000000000000000e+00,0.000000000000000000e+00,0.000000000000000000e+00,2.192187766308134300e+01,3.023541244021468732e-02,3.014154000861641453e-02,1.512237448341124946e+00
5.970485209482065514e+00,0.000000000000000000e+00,0.000000000000000000e+00,1.000000000000000000e+00,1.000000000000000000e+00,0.000000000000000000e+00,1.627959045944389582e+09,5.763219350976753752e+00,1.152643870195350750e+00,0.000000000000000000e+00,0.000000000000000000e+00,0.000000000000000000e+00,2.194628796855164055e+01,3.026907997841690734e-02,3.057211978385282122e-02,1.530286532076278627e+00
5.970485209482065514e+00,0.000000000000000000e+00,0.000000000000000000e+00,1.000000000000000000e+00,1.000000000000000000e+00,0.000000000000000000e+00,1.627959045960485697e+09,5.769437326731913451e+00,1.153887465346382646e+00,0.000000000000000000e+00,0.000000000000000000e+00,0.000000000000000000e+00,2.196996596485783115e+01,3.030173749047305673e-02,3.056396357524888280e-02,1.548859637545139556e+00
5.970485209482065514e+00,0.000000000000000000e+00,0.000000000000000000e+00,1.000000000000000000e+00,1.000000000000000000e+00,0.000000000000000000e+00,1.627959045976119757e+09,5.775468763214417933e+00,1.155093752642883720e+00,0.000000000000000000e+00,0.000000000000000000e+00,0.000000000000000000e+00,2.199293362127484386e+01,3.033341527716752750e-02,3.006828648455037167e-02,1.566918442471011419e+00
5.970485209482065514e+00,0.000000000000000000e+00,0.000000000000000000e+00,1.000000000000000000e+00,1.000000000000000000e+00,0.000000000000000000e+00,1.627959045990712643e+09,5.781319256602447609e+00,1.156263851320489477e+00,0.000000000000000000e+00,0.000000000000000000e+00,0.000000000000000000e+00,2.201521224799933663e+01,3.036414273026116425e-02,3.078920462350972012e-02,1.583791669005800706e+00
5.970485209482065514e+00,0.000000000000000000e+00,0.000000000000000000e+00,1.000000000000000000e+00,1.000000000000000000e+00,0.000000000000000000e+00,1.627959046006522655e+09,5.786994235188836377e+00,1.157398847037767409e+00,0.000000000000000000e+00,0.000000000000000000e+00,0.000000000000000000e+00,2.203682251592210051e+01,3.039394835976199152e-02,3.070573924814328642e-02,1.602090159612291842e+00
5.970485209482065514e+00,0.000000000000000000e+00,0.000000000000000000e+00,1.000000000000000000e+00,1.000000000000000000e+00,0.000000000000000000e+00,1.627959046022336721e+09,5.792498964417633012e+00,1.158499792883526558e+00,0.000000000000000000e+00,0.000000000000000000e+00,0.000000000000000000e+00,2.205778447580717483e+01,3.042285982037778655e-02,3.075480555121714449e-02,1.620410751720582354e+00
